aspect,negative,neutral,positive
design,0.0,0.0,100.0
features,0.0,67.76315789473685,32.23684210526316
performance,0.0,0.0,100.0
price,39.285714285714285,29.87012987012987,30.844155844155846
quality,49.7131931166348,17.39961759082218,32.88718929254302
service,58.497316636851515,0.0,41.50268336314848
