emotion,polarity,subjectivity
anger,0.6,0.42000000000000004
joy,0.6580420918367347,0.7311224489795919
neutral,0.006523350630096367,0.28529775142080555
sadness,-0.7549800133244503,0.677685987119698
