emotion,count,percentage
joy,1960,39.2
sadness,1501,30.020000000000003
neutral,1349,26.979999999999997
anger,190,3.8
